{
  "bins": {
    "SPREAD:away:0:big": {
      "mean": -0.1121811114832686,
      "n": 69,
      "sd": 0.9617907350013443
    },
    "SPREAD:away:0:close": {
      "mean": -0.0704519709645762,
      "n": 35,
      "sd": 0.970646490935515
    },
    "SPREAD:away:0:mid": {
      "mean": 0.0907942329067606,
      "n": 63,
      "sd": 0.9523146657669451
    },
    "SPREAD:away:10:big": {
      "mean": -0.03237564476303763,
      "n": 1066,
      "sd": 0.9535227042735753
    },
    "SPREAD:away:10:close": {
      "mean": 0.02833184084793175,
      "n": 153,
      "sd": 0.9534745570690828
    },
    "SPREAD:away:10:mid": {
      "mean": -0.2267992743546826,
      "n": 219,
      "sd": 0.9387781867853653
    },
    "SPREAD:away:1:big": {
      "mean": 0.054817620145617,
      "n": 127,
      "sd": 0.9559325867961462
    },
    "SPREAD:away:1:close": {
      "mean": 0.015445023851319916,
      "n": 147,
      "sd": 0.9371047983829488
    },
    "SPREAD:away:1:mid": {
      "mean": 0.019650248960311527,
      "n": 107,
      "sd": 0.9596415359731105
    },
    "SPREAD:away:2:big": {
      "mean": -0.07365038752280419,
      "n": 136,
      "sd": 0.9577369207142324
    },
    "SPREAD:away:2:close": {
      "mean": -0.09686310041596663,
      "n": 558,
      "sd": 0.9502673767046824
    },
    "SPREAD:away:2:mid": {
      "mean": 0.03583875089542393,
      "n": 107,
      "sd": 0.9469227707430076
    },
    "SPREAD:away:3:big": {
      "mean": -0.1281851623179952,
      "n": 120,
      "sd": 0.9555972442441251
    },
    "SPREAD:away:3:close": {
      "mean": 0.0056309494636608785,
      "n": 125,
      "sd": 0.9499299992959287
    },
    "SPREAD:away:3:mid": {
      "mean": 0.00847524259867088,
      "n": 104,
      "sd": 0.9465384086015325
    },
    "SPREAD:away:4:big": {
      "mean": -0.1127770300006878,
      "n": 111,
      "sd": 0.9438066634740399
    },
    "SPREAD:away:4:close": {
      "mean": 0.09469608525199105,
      "n": 61,
      "sd": 0.951781552689446
    },
    "SPREAD:away:4:mid": {
      "mean": 0.012714093880718171,
      "n": 462,
      "sd": 0.9507498021009548
    },
    "SPREAD:away:5:big": {
      "mean": 0.06786868796151194,
      "n": 104,
      "sd": 0.9558383276137213
    },
    "SPREAD:away:5:close": {
      "mean": 0.04958470739663036,
      "n": 57,
      "sd": 0.9702214986038363
    },
    "SPREAD:away:5:mid": {
      "mean": -0.04345646506110122,
      "n": 104,
      "sd": 0.9512566891489265
    },
    "SPREAD:away:6:big": {
      "mean": -0.07278950019467137,
      "n": 97,
      "sd": 0.9507649328845097
    },
    "SPREAD:away:6:close": {
      "mean": -0.07265181768377238,
      "n": 39,
      "sd": 0.9639847964062053
    },
    "SPREAD:away:6:mid": {
      "mean": -0.05562447974162722,
      "n": 379,
      "sd": 0.9556554112099699
    },
    "SPREAD:away:7:big": {
      "mean": -0.010573489552309596,
      "n": 85,
      "sd": 0.9610183279057519
    },
    "SPREAD:away:7:close": {
      "mean": 0.047117166579404804,
      "n": 44,
      "sd": 0.9672750503982576
    },
    "SPREAD:away:7:mid": {
      "mean": -0.0756747009362011,
      "n": 89,
      "sd": 0.9615759219571628
    },
    "SPREAD:away:8:big": {
      "mean": -0.06553821606757981,
      "n": 295,
      "sd": 0.9551426699312621
    },
    "SPREAD:away:8:close": {
      "mean": 0.038453899889730705,
      "n": 36,
      "sd": 0.9541430414424477
    },
    "SPREAD:away:8:mid": {
      "mean": -0.04006918098756004,
      "n": 54,
      "sd": 0.9691494443652227
    },
    "SPREAD:away:9:big": {
      "mean": 0.00511151462599088,
      "n": 83,
      "sd": 0.9574295463661097
    },
    "SPREAD:away:9:close": {
      "mean": -0.16077647132971248,
      "n": 31,
      "sd": 0.9542404073063127
    },
    "SPREAD:away:9:mid": {
      "mean": 0.04136881881041686,
      "n": 46,
      "sd": 0.965162823850785
    },
    "SPREAD:home:0:big": {
      "mean": 0.02355424505664495,
      "n": 69,
      "sd": 0.9591280317184756
    },
    "SPREAD:home:0:close": {
      "mean": -0.017963113115339508,
      "n": 35,
      "sd": 0.9690162912095368
    },
    "SPREAD:home:0:mid": {
      "mean": -0.18360415980082873,
      "n": 63,
      "sd": 0.9504724991779523
    },
    "SPREAD:home:10:big": {
      "mean": -0.05181504145879118,
      "n": 1079,
      "sd": 0.952887555127335
    },
    "SPREAD:home:10:close": {
      "mean": -0.11533461036246646,
      "n": 154,
      "sd": 0.9530573056175847
    },
    "SPREAD:home:10:mid": {
      "mean": 0.14523550667231344,
      "n": 221,
      "sd": 0.9359038661076409
    },
    "SPREAD:home:1:big": {
      "mean": -0.1436216533080746,
      "n": 127,
      "sd": 0.9529961606379586
    },
    "SPREAD:home:1:close": {
      "mean": -0.10155875928746703,
      "n": 149,
      "sd": 0.9365968392803319
    },
    "SPREAD:home:1:mid": {
      "mean": -0.10969246237208193,
      "n": 107,
      "sd": 0.9554041661638548
    },
    "SPREAD:home:2:big": {
      "mean": -0.00845818182026905,
      "n": 137,
      "sd": 0.9597238215061924
    },
    "SPREAD:home:2:close": {
      "mean": 0.008792640548436741,
      "n": 569,
      "sd": 0.9491580426588603
    },
    "SPREAD:home:2:mid": {
      "mean": -0.13096131637415656,
      "n": 108,
      "sd": 0.9484816389136689
    },
    "SPREAD:home:3:big": {
      "mean": 0.026023427735960142,
      "n": 122,
      "sd": 0.9527820188992469
    },
    "SPREAD:home:3:close": {
      "mean": -0.08860631297307059,
      "n": 127,
      "sd": 0.9471581515769854
    },
    "SPREAD:home:3:mid": {
      "mean": -0.09935899101606652,
      "n": 104,
      "sd": 0.9489675400665568
    },
    "SPREAD:home:4:big": {
      "mean": 0.024663438591176506,
      "n": 111,
      "sd": 0.9435555741578323
    },
    "SPREAD:home:4:close": {
      "mean": -0.16106151055044549,
      "n": 62,
      "sd": 0.9634956487503048
    },
    "SPREAD:home:4:mid": {
      "mean": -0.09378063092102991,
      "n": 468,
      "sd": 0.9516373188746567
    },
    "SPREAD:home:5:big": {
      "mean": -0.15199651534871653,
      "n": 108,
      "sd": 0.9527599002357651
    },
    "SPREAD:home:5:close": {
      "mean": -0.13442636833572943,
      "n": 57,
      "sd": 0.9539930908679918
    },
    "SPREAD:home:5:mid": {
      "mean": -0.039833111709116575,
      "n": 106,
      "sd": 0.9550308791094636
    },
    "SPREAD:home:6:big": {
      "mean": -0.021776023374311608,
      "n": 98,
      "sd": 0.9528528380399961
    },
    "SPREAD:home:6:close": {
      "mean": -0.027469658887761515,
      "n": 39,
      "sd": 0.9605834073919836
    },
    "SPREAD:home:6:mid": {
      "mean": -0.041606783551136346,
      "n": 387,
      "sd": 0.954692751309731
    },
    "SPREAD:home:7:big": {
      "mean": -0.07775321487506712,
      "n": 85,
      "sd": 0.9612617730776003
    },
    "SPREAD:home:7:close": {
      "mean": -0.1409080354543243,
      "n": 44,
      "sd": 0.9522101724140963
    },
    "SPREAD:home:7:mid": {
      "mean": -0.01172347567432023,
      "n": 89,
      "sd": 0.9611260625227239
    },
    "SPREAD:home:8:big": {
      "mean": -0.018627557501679628,
      "n": 298,
      "sd": 0.9536936381911499
    },
    "SPREAD:home:8:close": {
      "mean": -0.0909159379063354,
      "n": 37,
      "sd": 0.9588342920283408
    },
    "SPREAD:home:8:mid": {
      "mean": -0.04182117485208167,
      "n": 54,
      "sd": 0.967515312389734
    },
    "SPREAD:home:9:big": {
      "mean": -0.09226247962842563,
      "n": 83,
      "sd": 0.9521403290093253
    },
    "SPREAD:home:9:close": {
      "mean": 0.08107694514102853,
      "n": 31,
      "sd": 0.9481393013902976
    },
    "SPREAD:home:9:mid": {
      "mean": -0.1410164558107609,
      "n": 47,
      "sd": 0.9663458764886772
    },
    "TOTAL:over:0:na": {
      "mean": -0.003919875040974383,
      "n": 271,
      "sd": 0.9528590703317817
    },
    "TOTAL:over:10:na": {
      "mean": -0.018137170219429167,
      "n": 2583,
      "sd": 0.950747433436893
    },