{
  "bins": {
    "SPREAD:away:0:big": {
      "mean": -0.16234327796427772,
      "n": 39,
      "sd": 0.9655325034132459
    },
    "SPREAD:away:0:close": {
      "mean": -0.04916637555556429,
      "n": 10,
      "sd": 1.0024595792855406
    },
    "SPREAD:away:0:mid": {
      "mean": 0.33885429006912393,
      "n": 20,
      "sd": 0.8994851168576303
    },
    "SPREAD:away:10:big": {
      "mean": -0.044797965956658914,
      "n": 428,
      "sd": 0.9565324546897129
    },
    "SPREAD:away:10:close": {
      "mean": 0.13219133108886308,
      "n": 39,
      "sd": 0.9570229586720065
    },
    "SPREAD:away:10:mid": {
      "mean": -0.29356688717302515,
      "n": 65,
      "sd": 0.9307119796938044
    },
    "SPREAD:away:1:big": {
      "mean": 0.16367558139404717,
      "n": 79,
      "sd": 0.9414808264080037
    },
    "SPREAD:away:1:close": {
      "mean": -0.03114217602069178,
      "n": 41,
      "sd": 0.9575800290670613
    },
    "SPREAD:away:1:mid": {
      "mean": 0.12213433388588017,
      "n": 34,
      "sd": 0.9531352584926795
    },
    "SPREAD:away:2:big": {
      "mean": -0.12879275348999622,
      "n": 66,
      "sd": 0.9618701908741167
    },
    "SPREAD:away:2:close": {
      "mean": -0.04513122778015848,
      "n": 195,
      "sd": 0.9627684566277962
    },
    "SPREAD:away:2:mid": {
      "mean": 0.11210244545214305,
      "n": 56,
      "sd": 0.9449392467490962
    },
    "SPREAD:away:3:big": {
      "mean": -0.0984282982419742,
      "n": 67,
      "sd": 0.9566990913389936
    },
    "SPREAD:away:3:close": {
      "mean": 0.013913450180564148,
      "n": 30,
      "sd": 0.9649473262048904
    },
    "SPREAD:away:3:mid": {
      "mean": 0.014275979996310181,
      "n": 50,
      "sd": 0.9545159460697628
    },
    "SPREAD:away:4:big": {
      "mean": -0.07424193510186922,
      "n": 60,
      "sd": 0.9654202215993898
    },
    "SPREAD:away:4:close": {
      "mean": 0.3869140577477653,
      "n": 25,
      "sd": 0.8839405655746212
    },
    "SPREAD:away:4:mid": {
      "mean": -0.03644875671910991,
      "n": 165,
      "sd": 0.9608833699515379
    },
    "SPREAD:away:5:big": {
      "mean": 0.14623549839580713,
      "n": 50,
      "sd": 0.9457006343684805
    },
    "SPREAD:away:5:close": {
      "mean": -0.17336420734301627,
      "n": 14,
      "sd": 0.9908617807050949
    },
    "SPREAD:away:5:mid": {
      "mean": 0.0077832585544421705,
      "n": 36,
      "sd": 0.9669999904332964
    },
    "SPREAD:away:6:big": {
      "mean": -0.09087377097595539,
      "n": 40,
      "sd": 0.9680654726353017
    },
    "SPREAD:away:6:close": {
      "mean": 0.3287599957056848,
      "n": 13,
      "sd": 0.9227181007796367
    },
    "SPREAD:away:6:mid": {
      "mean": -0.21017187674870424,
      "n": 127,
      "sd": 0.9406690769080147
    },
    "SPREAD:away:7:big": {
      "mean": 0.16503226133993357,
      "n": 33,
      "sd": 0.9542951241359588
    },
    "SPREAD:away:7:close": {
      "mean": -0.1681413824270967,
      "n": 7,
      "sd": 1.0376360393603072
    },
    "SPREAD:away:7:mid": {
      "mean": -0.16809241483154524,
      "n": 30,
      "sd": 0.9678109748662436
    },
    "SPREAD:away:8:big": {
      "mean": -0.1025164182619885,
      "n": 103,
      "sd": 0.9510777409881002
    },
    "SPREAD:away:8:close": {
      "mean": 0.06558941086575573,
      "n": 9,
      "sd": 1.0120932683923578
    },
    "SPREAD:away:8:mid": {
      "mean": 0.43439603888773887,
      "n": 12,
      "sd": 0.8652569931874127
    },
    "SPREAD:away:9:big": {
      "mean": -0.33139365387071806,
      "n": 20,
      "sd": 0.9348327310900515
    },
    "SPREAD:away:9:close": {
      "mean": -0.23738467104866426,
      "n": 10,
      "sd": 0.9848639224134106
    },
    "SPREAD:away:9:mid": {
      "mean": -0.7043330501274427,
      "n": 13,
      "sd": 0.7217328347884463
    },
    "SPREAD:home:0:big": {
      "mean": 0.07707288317144842,
      "n": 39,
      "sd": 0.9595632005827642
    },
    "SPREAD:home:0:close": {
      "mean": -0.04395498721970903,
      "n": 10,
      "sd": 1.0080831254485847
    },
    "SPREAD:home:0:mid": {
      "mean": -0.43513637647473424,
      "n": 20,
      "sd": 0.8865916156734434
    },
    "SPREAD:home:10:big": {
      "mean": -0.044856084624960636,
      "n": 432,
      "sd": 0.9564616659830995
    },
    "SPREAD:home:10:close": {
      "mean": -0.20667511816999126,
      "n": 39,
      "sd": 0.9637616988277578
    },
    "SPREAD:home:10:mid": {
      "mean": 0.20818647433284565,
      "n": 65,
      "sd": 0.93189802186858
    },
    "SPREAD:home:1:big": {
      "mean": -0.25004779357938045,
      "n": 79,
      "sd": 0.9394077501878745
    },
    "SPREAD:home:1:close": {
      "mean": -0.0699659826368969,
      "n": 41,
      "sd": 0.9651941908286827
    },
    "SPREAD:home:1:mid": {
      "mean": -0.21589453005018827,
      "n": 34,
      "sd": 0.9514878180520804
    },
    "SPREAD:home:2:big": {
      "mean": 0.030227755353355455,
      "n": 67,
      "sd": 0.9635724320372501
    },
    "SPREAD:home:2:close": {
      "mean": -0.03957855802716217,
      "n": 196,
      "sd": 0.9633167287889352
    },
    "SPREAD:home:2:mid": {
      "mean": -0.20271453367991057,
      "n": 56,
      "sd": 0.9366951591890079
    },
    "SPREAD:home:3:big": {
      "mean": -0.015062486280227926,
      "n": 69,
      "sd": 0.9564702117559214
    },
    "SPREAD:home:3:close": {
      "mean": -0.1090069508488262,
      "n": 30,
      "sd": 0.9692376680078905
    },
    "SPREAD:home:3:mid": {
      "mean": -0.09795279462623893,
      "n": 50,
      "sd": 0.9573150162562608
    },
    "SPREAD:home:4:big": {
      "mean": -0.015702088664169084,
      "n": 60,
      "sd": 0.9603785782955818
    },
    "SPREAD:home:4:close": {
      "mean": -0.4567503447693035,
      "n": 25,
      "sd": 0.8893812395784224
    },
    "SPREAD:home:4:mid": {
      "mean": -0.04811550925969858,
      "n": 167,
      "sd": 0.9607049561090242
    },
    "SPREAD:home:5:big": {
      "mean": -0.25274360194924106,
      "n": 51,
      "sd": 0.9397642415801071
    },
    "SPREAD:home:5:close": {
      "mean": 0.08142559979185582,
      "n": 14,
      "sd": 0.9723468371182279
    },
    "SPREAD:home:5:mid": {
      "mean": -0.0968303232382273,
      "n": 36,
      "sd": 0.968612671552862
    },
    "SPREAD:home:6:big": {
      "mean": 0.028877017010745,
      "n": 41,
      "sd": 0.9682419035463107
    },
    "SPREAD:home:6:close": {
      "mean": -0.4156278504104591,
      "n": 13,
      "sd": 0.9124042360613955
    },
    "SPREAD:home:6:mid": {
      "mean": 0.12929765879136135,
      "n": 128,
      "sd": 0.9415118518487814
    },
    "SPREAD:home:7:big": {
      "mean": -0.2531145908937766,
      "n": 33,
      "sd": 0.9409994936458214
    },
    "SPREAD:home:7:close": {
      "mean": 0.1924205791181596,
      "n": 8,
      "sd": 0.9886437769086677
    },
    "SPREAD:home:7:mid": {
      "mean": 0.08803810414956878,
      "n": 30,
      "sd": 0.9679055126923605
    },
    "SPREAD:home:8:big": {
      "mean": 0.010382521372539723,
      "n": 103,
      "sd": 0.9530161595112298
    },
    "SPREAD:home:8:close": {
      "mean": -0.15231781412590017,
      "n": 9,
      "sd": 1.0057626986601425
    },
    "SPREAD:home:8:mid": {
      "mean": -0.527942277942278,
      "n": 12,
      "sd": 0.8540760919472937
    },
    "SPREAD:home:9:big": {
      "mean": 0.2357633535536388,
      "n": 20,
      "sd": 0.930655071072995
    },
    "SPREAD:home:9:close": {
      "mean": 0.1505187279483954,
      "n": 10,
      "sd": 0.9906813392894812
    },
    "SPREAD:home:9:mid": {
      "mean": 0.6159954239877624,
      "n": 13,
      "sd": 0.7176176559228594
    },
    "TOTAL:over:0:na": {
      "mean": -0.16019514286945175,
      "n": 125,
      "sd": 0.9513694574155662
    },
    "TOTAL:over:10:na": {
      "mean": -0.048625617959526135,
      "n": 831,
      "sd": 0.9537825269613743
    },
    "TOTAL:over:1:na": {
      "mean": -0.015730409917026823,
      "n": 68,