{
  "bins": {
    "SPREAD:away:0:big": {
      "mean": -0.10072178207665855,
      "n": 34,
      "sd": 0.9683652963511368
    },
    "SPREAD:away:0:close": {
      "mean": 0.22105443198937805,
      "n": 14,
      "sd": 0.9445801683820171
    },
    "SPREAD:away:0:mid": {
      "mean": 0.3972656168308343,
      "n": 15,
      "sd": 0.8724640846901968
    },
    "SPREAD:away:10:big": {
      "mean": -0.04930228943233734,
      "n": 430,
      "sd": 0.9564521886268689
    },
    "SPREAD:away:10:close": {
      "mean": 0.21318000167700427,
      "n": 38,
      "sd": 0.9393316350241171
    },
    "SPREAD:away:10:mid": {
      "mean": -0.3616146794730138,
      "n": 69,
      "sd": 0.9095994940130115
    },
    "SPREAD:away:1:big": {
      "mean": -0.02664637483395612,
      "n": 76,
      "sd": 0.9603491948681168
    },
    "SPREAD:away:1:close": {
      "mean": -0.0701793384516962,
      "n": 37,
      "sd": 0.9687764236872825
    },
    "SPREAD:away:1:mid": {
      "mean": 0.01715757235487161,
      "n": 49,
      "sd": 0.9668029762342101
    },
    "SPREAD:away:2:big": {
      "mean": -0.06490871677609343,
      "n": 78,
      "sd": 0.9658459381237019
    },
    "SPREAD:away:2:close": {
      "mean": -0.02264409297574369,
      "n": 198,
      "sd": 0.9608237080176075
    },
    "SPREAD:away:2:mid": {
      "mean": 0.19551280694461015,
      "n": 48,
      "sd": 0.9361471636471352
    },
    "SPREAD:away:3:big": {
      "mean": 0.007236536761654025,
      "n": 76,
      "sd": 0.9620782161114441
    },
    "SPREAD:away:3:close": {
      "mean": 0.05498602830400047,
      "n": 29,
      "sd": 0.9681897204937586
    },
    "SPREAD:away:3:mid": {
      "mean": -0.08649724444122796,
      "n": 41,
      "sd": 0.9583755682853102
    },
    "SPREAD:away:4:big": {
      "mean": 0.05526587587535071,
      "n": 49,
      "sd": 0.9627222065895893
    },
    "SPREAD:away:4:close": {
      "mean": -0.08318910934304918,
      "n": 21,
      "sd": 0.9859526212332019
    },
    "SPREAD:away:4:mid": {
      "mean": -0.01539475725930494,
      "n": 170,
      "sd": 0.9560433146938156
    },
    "SPREAD:away:5:big": {
      "mean": 0.013279048493021514,
      "n": 51,
      "sd": 0.9649824590034378
    },
    "SPREAD:away:5:close": {
      "mean": 0.2768481575706391,
      "n": 15,
      "sd": 0.9355445431171804
    },
    "SPREAD:away:5:mid": {
      "mean": 0.028292462393398842,
      "n": 39,
      "sd": 0.9646127268801777
    },
    "SPREAD:away:6:big": {
      "mean": 0.014800590115393579,
      "n": 34,
      "sd": 0.9713663462010713
    },
    "SPREAD:away:6:close": {
      "mean": 0.18412936238726868,
      "n": 13,
      "sd": 0.9748131376198369
    },
    "SPREAD:away:6:mid": {
      "mean": -0.2049695870873809,
      "n": 131,
      "sd": 0.9417580019450773
    },
    "SPREAD:away:7:big": {
      "mean": 0.06543483182071583,
      "n": 34,
      "sd": 0.9612704212420398
    },
    "SPREAD:away:7:close": {
      "mean": 0.03713217840105952,
      "n": 11,
      "sd": 0.9934996996693023
    },
    "SPREAD:away:7:mid": {
      "mean": -0.30052176977310674,
      "n": 22,
      "sd": 0.9472582708864564
    },
    "SPREAD:away:8:big": {
      "mean": -0.1529076042745187,
      "n": 98,
      "sd": 0.947839234910329
    },
    "SPREAD:away:8:close": {
      "mean": -0.5718575718575719,
      "n": 9,
      "sd": 0.8496662704618623
    },
    "SPREAD:away:8:mid": {
      "mean": 0.15548296588792007,
      "n": 15,
      "sd": 0.9768080584919274
    },
    "SPREAD:away:9:big": {
      "mean": 0.08271040117802689,
      "n": 23,
      "sd": 0.9711461178546573
    },
    "SPREAD:away:9:close": {
      "mean": -0.1443583179719053,
      "n": 9,
      "sd": 1.015981697644584
    },
    "SPREAD:away:9:mid": {
      "mean": 0.1384748835073906,
      "n": 10,
      "sd": 0.9800260523054942
    },
    "SPREAD:home:0:big": {
      "mean": 0.009834774183933366,
      "n": 34,
      "sd": 0.9666833041128094
    },
    "SPREAD:home:0:close": {
      "mean": -0.32235518093359133,
      "n": 14,
      "sd": 0.9439737506693995
    },
    "SPREAD:home:0:mid": {
      "mean": -0.4897816780169721,
      "n": 15,
      "sd": 0.8761230960654774
    },
    "SPREAD:home:10:big": {
      "mean": -0.04037393914606301,
      "n": 434,
      "sd": 0.9565304134451895
    },
    "SPREAD:home:10:close": {
      "mean": -0.2898081726581741,
      "n": 38,
      "sd": 0.9424387259892169
    },
    "SPREAD:home:10:mid": {
      "mean": 0.2752222316739174,
      "n": 69,
      "sd": 0.9086772532472314
    },
    "SPREAD:home:1:big": {
      "mean": -0.08028275598879692,
      "n": 78,
      "sd": 0.9555104435437733
    },
    "SPREAD:home:1:close": {
      "mean": -0.017963515013148603,
      "n": 37,
      "sd": 0.9691974679981044
    },
    "SPREAD:home:1:mid": {
      "mean": -0.11023545220656046,
      "n": 49,
      "sd": 0.9564162978183607
    },
    "SPREAD:home:2:big": {
      "mean": -0.03055623418346194,
      "n": 79,
      "sd": 0.9637054850881712
    },
    "SPREAD:home:2:close": {
      "mean": -0.06317529651516599,
      "n": 199,
      "sd": 0.963520020296374
    },
    "SPREAD:home:2:mid": {
      "mean": -0.28386472119113665,
      "n": 48,
      "sd": 0.9345082916869588
    },
    "SPREAD:home:3:big": {
      "mean": -0.09172935947745958,
      "n": 76,
      "sd": 0.9640927836817679
    },
    "SPREAD:home:3:close": {
      "mean": -0.14261266932600758,
      "n": 29,
      "sd": 0.9683850821549816
    },
    "SPREAD:home:3:mid": {
      "mean": -0.0012925459630679717,
      "n": 41,
      "sd": 0.9502703464109923
    },
    "SPREAD:home:4:big": {
      "mean": -0.1452915589546549,
      "n": 49,
      "sd": 0.9568796560453834
    },
    "SPREAD:home:4:close": {
      "mean": -0.0001987631388545505,
      "n": 21,
      "sd": 0.9776730500165985
    },
    "SPREAD:home:4:mid": {
      "mean": -0.06929487874931098,
      "n": 172,
      "sd": 0.9581416757526473
    },
    "SPREAD:home:5:big": {
      "mean": -0.12189606061313071,
      "n": 52,
      "sd": 0.958002559461391
    },
    "SPREAD:home:5:close": {
      "mean": -0.3663719578728176,
      "n": 15,
      "sd": 0.9278129623735168
    },
    "SPREAD:home:5:mid": {
      "mean": -0.11099814508730194,
      "n": 39,
      "sd": 0.9730524421199216
    },
    "SPREAD:home:6:big": {
      "mean": -0.1005380725873352,
      "n": 34,
      "sd": 0.9685340383257279
    },
    "SPREAD:home:6:close": {
      "mean": -0.27718616370053367,
      "n": 13,
      "sd": 0.9517406105429357
    },
    "SPREAD:home:6:mid": {
      "mean": 0.12359888217268677,
      "n": 132,
      "sd": 0.9420389403303678
    },
    "SPREAD:home:7:big": {
      "mean": -0.1565964841993618,
      "n": 34,
      "sd": 0.963828355218454
    },
    "SPREAD:home:7:close": {
      "mean": -0.0362369745377899,
      "n": 12,
      "sd": 1.0073611732293712
    },
    "SPREAD:home:7:mid": {
      "mean": 0.2160663318913845,
      "n": 22,
      "sd": 0.9411110979216165
    },
    "SPREAD:home:8:big": {
      "mean": 0.0684856207871034,
      "n": 99,
      "sd": 0.945690315672672
    },
    "SPREAD:home:8:close": {
      "mean": 0.5018878204718913,
      "n": 9,
      "sd": 0.8521679723081942
    },
    "SPREAD:home:8:mid": {
      "mean": -0.23940328772133054,
      "n": 15,
      "sd": 0.9643470959113747
    },
    "SPREAD:home:9:big": {
      "mean": -0.166931920297943,
      "n": 23,
      "sd": 0.9714384662503613
    },
    "SPREAD:home:9:close": {
      "mean": 0.05718333766074596,
      "n": 9,
      "sd": 1.003522876348786
    },
    "SPREAD:home:9:mid": {
      "mean": -0.22854397524208847,
      "n": 10,
      "sd": 0.9960608599283329
    },
    "TOTAL:over:0:na": {
      "mean": -0.08443302086821017,
      "n": 125,
      "sd": 0.956943353623066
    },
    "TOTAL:over:10:na": {
      "mean": -0.051011227411652066,
      "n": 815,
      "sd": 0.9537619734592877
    },
    "TOTAL:over:1:na": {
      "mean": -0.14493303774395205,
      "n": 85,