{
  "bins": {
    "SPREAD:away:0:big": {
      "mean": -0.05683601859122146,
      "n": 1562,
      "sd": 0.9544168579160496
    },
    "SPREAD:away:0:close": {
      "mean": -0.02489268981726648,
      "n": 806,
      "sd": 0.9554646315526371
    },
    "SPREAD:away:0:mid": {
      "mean": -0.048248090779926193,
      "n": 1137,
      "sd": 0.9542347064615686
    },
    "SPREAD:home:0:big": {
      "mean": -0.03172833407491072,
      "n": 1576,
      "sd": 0.9539710237436796
    },
    "SPREAD:home:0:close": {
      "mean": -0.05840341205117994,
      "n": 811,
      "sd": 0.953994430349314
    },
    "SPREAD:home:0:mid": {
      "mean": -0.03573443440205518,
      "n": 1142,
      "sd": 0.9542115135199716
    },
    "TOTAL:over:0:na": {
      "mean": -0.04389619602545606,
      "n": 3529,
      "sd": 0.9520816203809706
    },
    "TOTAL:under:0:na": {
      "mean": -0.04562186239659561,
      "n": 3514,
      "sd": 0.9554732774418989
    }
  },
  "generated_at": "2026-02-04T15:56:45.230969Z",
  "window_days": 365
}