{
  "bins": {
    "SPREAD:away:0:big": {
      "mean": -0.06898045120551517,
      "n": 35,
      "sd": 0.972200776248352
    },
    "SPREAD:away:0:close": {
      "mean": 0.029939485325313903,
      "n": 13,
      "sd": 0.9928298726186355
    },
    "SPREAD:away:0:mid": {
      "mean": 0.12564070024544333,
      "n": 22,
      "sd": 0.9588933945897551
    },
    "SPREAD:away:10:big": {
      "mean": -0.057899020092546764,
      "n": 428,
      "sd": 0.9567278257092304
    },
    "SPREAD:away:10:close": {
      "mean": 0.13353802361202616,
      "n": 39,
      "sd": 0.9580820277921109
    },
    "SPREAD:away:10:mid": {
      "mean": -0.3792247585518722,
      "n": 71,
      "sd": 0.9033518652745903
    },
    "SPREAD:away:1:big": {
      "mean": -0.11184730597715203,
      "n": 81,
      "sd": 0.9562621065690441
    },
    "SPREAD:away:1:close": {
      "mean": 0.07594353431798062,
      "n": 39,
      "sd": 0.9584094589565368
    },
    "SPREAD:away:1:mid": {
      "mean": 0.17731087014200467,
      "n": 44,
      "sd": 0.9452442943901451
    },
    "SPREAD:away:2:big": {
      "mean": 0.035186359655520666,
      "n": 63,
      "sd": 0.9639746197102065
    },
    "SPREAD:away:2:close": {
      "mean": -0.05160603282069717,
      "n": 198,
      "sd": 0.9610043159174863
    },
    "SPREAD:away:2:mid": {
      "mean": 0.030857088348316755,
      "n": 50,
      "sd": 0.9613171172111661
    },
    "SPREAD:away:3:big": {
      "mean": -0.0012893413165097067,
      "n": 67,
      "sd": 0.9624244174732518
    },
    "SPREAD:away:3:close": {
      "mean": 0.04085642967686922,
      "n": 33,
      "sd": 0.9655158322911651
    },
    "SPREAD:away:3:mid": {
      "mean": 0.23005380571450473,
      "n": 39,
      "sd": 0.9327794767709513
    },
    "SPREAD:away:4:big": {
      "mean": 0.04697592714072957,
      "n": 66,
      "sd": 0.9633006628776498
    },
    "SPREAD:away:4:close": {
      "mean": 0.2454771215911172,
      "n": 20,
      "sd": 0.9387122236288554
    },
    "SPREAD:away:4:mid": {
      "mean": -0.08189740186535115,
      "n": 177,
      "sd": 0.952164375789521
    },
    "SPREAD:away:5:big": {
      "mean": -0.09586325293436403,
      "n": 55,
      "sd": 0.9638954152520792
    },
    "SPREAD:away:5:close": {
      "mean": -0.02914135951410267,
      "n": 10,
      "sd": 1.0238483978414044
    },
    "SPREAD:away:5:mid": {
      "mean": 0.020522125748895642,
      "n": 32,
      "sd": 0.9741013242194069
    },
    "SPREAD:away:6:big": {
      "mean": 0.2415311387132361,
      "n": 40,
      "sd": 0.922850839890076
    },
    "SPREAD:away:6:close": {
      "mean": 0.32011423681746176,
      "n": 16,
      "sd": 0.9196525786467973
    },
    "SPREAD:away:6:mid": {
      "mean": -0.18497399868324205,
      "n": 130,
      "sd": 0.9441148703630478
    },
    "SPREAD:away:7:big": {
      "mean": -0.010985400076996908,
      "n": 31,
      "sd": 0.9736623165156059
    },
    "SPREAD:away:7:close": {
      "mean": -0.051543473107585114,
      "n": 8,
      "sd": 1.0144721888821862
    },
    "SPREAD:away:7:mid": {
      "mean": -0.1495132909467968,
      "n": 25,
      "sd": 0.9794205016520695
    },
    "SPREAD:away:8:big": {
      "mean": -0.1656446332682862,
      "n": 88,
      "sd": 0.945697886483383
    },
    "SPREAD:away:8:close": {
      "mean": -0.495,
      "n": 4,
      "sd": 1.01
    },
    "SPREAD:away:8:mid": {
      "mean": 0.2872574955908289,
      "n": 6,
      "sd": 0.9973455210838632
    },
    "SPREAD:away:9:big": {
      "mean": 0.08068585946477705,
      "n": 30,
      "sd": 0.9613054192584138
    },
    "SPREAD:away:9:close": {
      "mean": -0.26722975126992704,
      "n": 13,
      "sd": 0.9652622757476809
    },
    "SPREAD:away:9:mid": {
      "mean": 0.1670451126972866,
      "n": 13,
      "sd": 0.9604878177363737
    },
    "SPREAD:home:0:big": {
      "mean": -0.04312324064610136,
      "n": 36,
      "sd": 0.9708010022473085
    },
    "SPREAD:home:0:close": {
      "mean": -0.11467089524789642,
      "n": 13,
      "sd": 0.9954885552269995
    },
    "SPREAD:home:0:mid": {
      "mean": -0.22315780389909662,
      "n": 22,
      "sd": 0.9568136401945825
    },
    "SPREAD:home:10:big": {
      "mean": -0.029352132647895227,
      "n": 433,
      "sd": 0.9564034673883965
    },
    "SPREAD:home:10:close": {
      "mean": -0.20849788469864033,
      "n": 39,
      "sd": 0.9615234515872797
    },
    "SPREAD:home:10:mid": {
      "mean": 0.2930861556941319,
      "n": 71,
      "sd": 0.9018191655555657
    },
    "SPREAD:home:1:big": {
      "mean": 0.011472618828673724,
      "n": 82,
      "sd": 0.9512624151230543
    },
    "SPREAD:home:1:close": {
      "mean": -0.16629599972905384,
      "n": 39,
      "sd": 0.9609410797566911
    },
    "SPREAD:home:1:mid": {
      "mean": -0.2623115036559364,
      "n": 44,
      "sd": 0.9405558686705222
    },
    "SPREAD:home:2:big": {
      "mean": -0.11905171245498718,
      "n": 63,
      "sd": 0.9618137886830611
    },
    "SPREAD:home:2:close": {
      "mean": -0.03469485929964327,
      "n": 199,
      "sd": 0.9633771306450593
    },
    "SPREAD:home:2:mid": {
      "mean": -0.12790013677149503,
      "n": 50,
      "sd": 0.9547745915749226
    },
    "SPREAD:home:3:big": {
      "mean": -0.09668232339857612,
      "n": 68,
      "sd": 0.9655415950686435
    },
    "SPREAD:home:3:close": {
      "mean": -0.13090034354610894,
      "n": 33,
      "sd": 0.9673350336325637
    },
    "SPREAD:home:3:mid": {
      "mean": -0.3154802489180008,
      "n": 39,
      "sd": 0.9268185358877213
    },
    "SPREAD:home:4:big": {
      "mean": -0.1319452560790799,
      "n": 66,
      "sd": 0.9585098959361035
    },
    "SPREAD:home:4:close": {
      "mean": -0.3355650828205641,
      "n": 20,
      "sd": 0.9293652922778526
    },
    "SPREAD:home:4:mid": {
      "mean": -0.004185063909530441,
      "n": 179,
      "sd": 0.9547099553118388
    },
    "SPREAD:home:5:big": {
      "mean": -0.014777581613940504,
      "n": 56,
      "sd": 0.9595022612535334
    },
    "SPREAD:home:5:close": {
      "mean": -0.051299746951920855,
      "n": 10,
      "sd": 1.00036008296329
    },
    "SPREAD:home:5:mid": {
      "mean": -0.09612894866534712,
      "n": 32,
      "sd": 0.9777835625025008
    },
    "SPREAD:home:6:big": {
      "mean": -0.32854707782283854,
      "n": 40,
      "sd": 0.9268742846749799
    },
    "SPREAD:home:6:close": {
      "mean": -0.41207021995905346,
      "n": 16,
      "sd": 0.9008157186692578
    },
    "SPREAD:home:6:mid": {
      "mean": 0.1026229340199342,
      "n": 131,
      "sd": 0.9452132754023047
    },
    "SPREAD:home:7:big": {
      "mean": -0.07545874200050051,
      "n": 31,
      "sd": 0.9709028414266552
    },
    "SPREAD:home:7:close": {
      "mean": -0.03810056631348191,
      "n": 8,
      "sd": 1.0288636296778095
    },
    "SPREAD:home:7:mid": {
      "mean": 0.07538367948363885,
      "n": 25,
      "sd": 0.9730137785190643
    },
    "SPREAD:home:8:big": {
      "mean": 0.0725499322415079,
      "n": 88,
      "sd": 0.9455733096824329
    },
    "SPREAD:home:8:close": {
      "mean": 0.5521323560927521,
      "n": 5,
      "sd": 0.8683270404383612
    },
    "SPREAD:home:8:mid": {
      "mean": -0.3663663663663663,
      "n": 6,
      "sd": 0.9816210042639819
    },
    "SPREAD:home:9:big": {
      "mean": -0.1732377412366745,
      "n": 30,
      "sd": 0.9618914560351057
    },
    "SPREAD:home:9:close": {
      "mean": 0.17606734645832522,
      "n": 13,
      "sd": 0.9683824996170514
    },
    "SPREAD:home:9:mid": {
      "mean": -0.2658462674869566,
      "n": 13,
      "sd": 0.9668244601477516
    },
    "TOTAL:over:0:na": {
      "mean": -0.14660517574573348,
      "n": 123,
      "sd": 0.9529187694306528
    },
    "TOTAL:over:10:na": {
      "mean": -0.03738058272778119,
      "n": 867,
      "sd": 0.9538893827416558
    },
    "TOTAL:over:1:na": {
      "mean": 0.028814920149062773,
      "n": 66,